{
    "PJME_MW_RMSE": 1959.1577909908124,
    "PJME_MW_MAE": 1402.2718505859375,
    "PJME_MW_MAPE": 4.4269256591796875,
    "final_Test_Loss_Scaled": 0.09307059143380109
}