{
    "PJME_MW_RMSE": 1954.8783849641388,
    "PJME_MW_MAE": 1418.2703857421875,
    "PJME_MW_MAPE": 4.5042829513549805,
    "final_Test_Loss_Scaled": 0.09266638288146102
}